index,hight,width,estimate
0,5,2,257709954.27500004
1,5,2,841684360030.1082
2,5,3,162709954.275
3,5,3,41604400034.108215
4,3,3,135001263.4
5,4,2,40001263.4
6,3,4,40001263.4
7,4,3,1005025268.0
2,0,3,1
5,6,4,7
