index,hight,width,estimate
0,3,1,72120710.86730164
1,3,1,41201935.9214962
2,2,2,19252144.638321612
3,3,1,36040608739.089806
4,3,1,1200115866.0
5,2,2,19252144.638321612
6,2,2,1241997.9214962
7,3,1,18620943239.505653
8,3,1,1241997.9214962
8,6,2,5

