index,hight,width,estimate
0,4,1,272605566516.1172
1,4,1,234728748603.40244
2,3,2,30566299185.00633
3,3,2,24237963518.13527
3,2,1

