index,hight,width,estimate
0,3,1,3738958839.6943297
1,3,1,3219454175.999708
2,2,2,646059875.9034352
2,1,0

