index,hight,width,estimate
0,5,2,351135802.0263506
1,5,3,1167639108.47018
0
1
