index,hight,width,estimate
0,3,2,20874200.0
1,4,2,2024.7588765235823
2,3,3,1812.3794382617912
3,4,2,552015412.3794383
4,3,3,5779000.0
5,4,2,13326600.0
6,4,2,20874200.0
7,4,2,1812.3794382617912
8,4,2,104344901625.0
9,4,2,557792600.0
10,3,2,1812.3794382617912
11,5,1,2056413085125.0
12,4,2,2024.7588765235823
13,3,2,1812.3794382617912
14,5,1,565340200.0
15,3,2,20874200.0
16,4,2,557792600.0
17,4,2,2024.7588765235823
7,13,2,10
17,15,16
