index,hight,width,estimate
0,4,2,13326600.0
1,4,2,552015412.3794383
2,3,2,1812.3794382617912
3,4,2,62608963625.0
4,3,3,1812.3794382617912
5,4,2,20874200.0
6,3,3,5779000.0
7,5,1,565340200.0
8,3,2,20874200.0
9,4,2,5779000.0
10,5,1,2056413085125.0
11,3,2,1812.3794382617912
12,4,2,2024.7588765235823
13,4,2,104344901625.0
14,4,2,2024.7588765235823
15,3,2,20874200.0
16,4,2,2024.7588765235823
17,4,2,5779000.0
2,11,4,14
16,17,15
