index,hight,width,estimate
0,2,2,646059875.9034352
1,3,1,3219454175.999708
2,3,1,3738958839.6943297
0,1,2

