index,hight,width,estimate
0,3,3,38317.5711170668
1,3,3,81.00909673538872
2,3,4,36.003032223847185
3,4,2,51126.458704791745
2,1,0,3

